<application>
  <component name="FileTypeManager" version="18">
    <extensionMap>
      <mapping pattern="ReadMe.md" type="AUTO_DETECTED" />
      <mapping ext="gradle.kts" type="Kotlin" />
      <mapping ext="main.kts" type="Kotlin" />
      <mapping ext="back" type="PLAIN_TEXT" />
      <mapping ext="properties1" type="PLAIN_TEXT" />
      <removed_mapping ext="apk" approved="true" type="ARCHIVE" />
      <removed_mapping ext="psd" approved="true" type="Image" />
    </extensionMap>
  </component>
</application>