<application>
  <component name="ProjectManager">
    <defaultProject>
      <component name="EasyApiProjectSetting">
        <option name="postmanCollections" value="" />
        <option name="yapiTokens" value="#&#13;&#10;#Tue Mar 07 14:01:55 CST 2023&#13;&#10;b2fe9f6cb934a2dd28c603b7965c7a321323823ed072d02c9dbc2201cc99f21e=&#13;&#10;meiju=b2fe9f6cb934a2dd28c603b7965c7a321323823ed072d02c9dbc2201cc99f21e&#13;&#10;" />
      </component>
      <component name="EasyCodeTableSetting">
        <option name="tableInfoMap">
          <map>
            <entry key="cloud.course_1">
              <value>
                <TableInfoDTO>
                  <option name="fullColumn">
                    <list>
                      <ColumnInfoDTO>
                        <option name="custom" value="false" />
                        <option name="ext" value="{}" />
                        <option name="name" value="cId" />
                        <option name="type" value="java.lang.Long" />
                      </ColumnInfoDTO>
                      <ColumnInfoDTO>
                        <option name="custom" value="false" />
                        <option name="ext" value="{}" />
                        <option name="name" value="cName" />
                        <option name="type" value="java.lang.String" />
                      </ColumnInfoDTO>
                      <ColumnInfoDTO>
                        <option name="custom" value="false" />
                        <option name="ext" value="{}" />
                        <option name="name" value="userId" />
                        <option name="type" value="java.lang.Long" />
                      </ColumnInfoDTO>
                      <ColumnInfoDTO>
                        <option name="custom" value="false" />
                        <option name="ext" value="{}" />
                        <option name="name" value="cStatus" />
                        <option name="type" value="java.lang.String" />
                      </ColumnInfoDTO>
                    </list>
                  </option>
                  <option name="name" value="Course1" />
                  <option name="preName" value="" />
                  <option name="saveModelName" value="mybatis-example" />
                  <option name="savePackageName" value="" />
                  <option name="savePath" value="./mybatis-example/src/main/java" />
                  <option name="templateGroupName" value="Default" />
                </TableInfoDTO>
              </value>
            </entry>
            <entry key="cloud.t_content">
              <value>
                <TableInfoDTO>
                  <option name="comment" value="内容服务配置 " />
                  <option name="fullColumn">
                    <list>
                      <ColumnInfoDTO>
                        <option name="comment" value="主键id" />
                        <option name="custom" value="false" />
                        <option name="ext" value="{}" />
                        <option name="name" value="id" />
                        <option name="type" value="java.lang.Long" />
                      </ColumnInfoDTO>
                      <ColumnInfoDTO>
                        <option name="comment" value="服务名" />
                        <option name="custom" value="false" />
                        <option name="ext" value="{}" />
                        <option name="name" value="name" />
                        <option name="type" value="java.lang.String" />
                      </ColumnInfoDTO>
                      <ColumnInfoDTO>
                        <option name="comment" value="服务子标题" />
                        <option name="custom" value="false" />
                        <option name="ext" value="{}" />
                        <option name="name" value="subTitle" />
                        <option name="type" value="java.lang.String" />
                      </ColumnInfoDTO>
                      <ColumnInfoDTO>
                        <option name="comment" value="主图" />
                        <option name="custom" value="false" />
                        <option name="ext" value="{}" />
                        <option name="name" value="mainImg" />
                        <option name="type" value="java.lang.String" />
                      </ColumnInfoDTO>
                      <ColumnInfoDTO>
                        <option name="comment" value="详情图" />
                        <option name="custom" value="false" />
                        <option name="ext" value="{}" />
                        <option name="name" value="detailImg" />
                        <option name="type" value="java.lang.String" />
                      </ColumnInfoDTO>
                      <ColumnInfoDTO>
                        <option name="comment" value="创建人" />
                        <option name="custom" value="false" />
                        <option name="ext" value="{}" />
                        <option name="name" value="createdBy" />
                        <option name="type" value="java.lang.String" />
                      </ColumnInfoDTO>
                      <ColumnInfoDTO>
                        <option name="comment" value="创建时间" />
                        <option name="custom" value="false" />
                        <option name="ext" value="{}" />
                        <option name="name" value="createdTime" />
                        <option name="type" value="java.util.Date" />
                      </ColumnInfoDTO>
                      <ColumnInfoDTO>
                        <option name="comment" value="更新人" />
                        <option name="custom" value="false" />
                        <option name="ext" value="{}" />
                        <option name="name" value="updatedBy" />
                        <option name="type" value="java.lang.String" />
                      </ColumnInfoDTO>
                      <ColumnInfoDTO>
                        <option name="comment" value="更新时间" />
                        <option name="custom" value="false" />
                        <option name="ext" value="{}" />
                        <option name="name" value="updatedTime" />
                        <option name="type" value="java.util.Date" />
                      </ColumnInfoDTO>
                    </list>
                  </option>
                  <option name="name" value="TContent" />
                  <option name="preName" value="" />
                  <option name="saveModelName" value="nacos-provider" />
                  <option name="savePackageName" value="com.example.plus.content.domain" />
                  <option name="savePath" value="./nacos-provider/src/main/java/com/example/plus/content/domain" />
                  <option name="templateGroupName" value="Default" />
                </TableInfoDTO>
              </value>
            </entry>
          </map>
        </option>
      </component>
      <component name="EclipseCodeFormatterProjectSettings">
        <option name="projectSpecificProfile">
          <ProjectSpecificProfile>
            <option name="formatter" value="ECLIPSE" />
            <option name="pathToConfigFileJava" value="D:/package/eclipse-codestyle.xml" />
            <option name="selectedJavaProfile" value="P3C-CodeStyle" />
          </ProjectSpecificProfile>
        </option>
      </component>
      <component name="Encoding" defaultCharsetForPropertiesFiles="UTF-8">
        <file url="PROJECT" charset="UTF-8" />
      </component>
      <component name="MavenImportPreferences">
        <option name="generalSettings">
          <MavenGeneralSettings>
            <option name="localRepository" value="D:\repository" />
            <option name="mavenHome" value="D:/tools/apache-maven-3.6.0" />
            <option name="userSettingsFile" value="D:\tools\apache-maven-3.6.0\conf\settings.xml" />
          </MavenGeneralSettings>
        </option>
      </component>
      <component name="MavenRunner">
        <option name="jreName" value="1.8" />
      </component>
      <component name="ProjectRootManager" version="2" languageLevel="JDK_1_8" default="false" project-jdk-name="1.8" project-jdk-type="JavaSDK" />
      <component name="PropertiesComponent">{
  &quot;keyToString&quot;: {
    &quot;last_opened_file_path&quot;: &quot;D:/package/eclipse-codestyle.xml&quot;,
    &quot;settings.editor.selected.configurable&quot;: &quot;easyapi.settings.EasyApiConfigurable&quot;
  }
}</component>
      <component name="SaveActionSettings">
        <option name="actions">
          <set>
            <option value="activate" />
            <option value="activateOnShortcut" />
            <option value="organizeImports" />
            <option value="reformat" />
            <option value="missingOverrideAnnotation" />
            <option value="useBlocks" />
            <option value="generateSerialVersionUID" />
            <option value="unnecessaryThis" />
            <option value="unnecessaryFinalOnLocalVariableOrParameter" />
          </set>
        </option>
        <option name="configurationPath" value="" />
      </component>
      <component name="WindowStateProjectService">
        <state x="740" y="274" key="FileChooserDialogImpl" timestamp="1678169861517">
          <screen x="0" y="0" width="1920" height="1040" />
        </state>
        <state x="740" y="274" key="FileChooserDialogImpl/0.0.1920.1040" timestamp="1678169861517" />
        <state x="461" y="159" width="1172" height="721" key="SettingsEditor" timestamp="1678175618647">
          <screen x="0" y="0" width="1920" height="1040" />
        </state>
        <state x="461" y="159" width="1172" height="721" key="SettingsEditor/0.0.1920.1040" timestamp="1678175618647" />
      </component>
      <component name="masterDetails">
        <states>
          <state key="GlobalLibrariesConfigurable.UI">
            <settings>
              <splitter-proportions>
                <option name="proportions">
                  <list>
                    <option value="0.2" />
                  </list>
                </option>
              </splitter-proportions>
            </settings>
          </state>
          <state key="JdkListConfigurable.UI">
            <settings>
              <last-edited>1.8</last-edited>
              <splitter-proportions>
                <option name="proportions">
                  <list>
                    <option value="0.2" />
                  </list>
                </option>
              </splitter-proportions>
            </settings>
          </state>
          <state key="ProjectJDKs.UI">
            <settings>
              <last-edited>1.8</last-edited>
              <splitter-proportions>
                <option name="proportions">
                  <list>
                    <option value="0.2" />
                  </list>
                </option>
              </splitter-proportions>
            </settings>
          </state>
          <state key="ProjectLibrariesConfigurable.UI">
            <settings>
              <splitter-proportions>
                <option name="proportions">
                  <list>
                    <option value="0.2" />
                  </list>
                </option>
              </splitter-proportions>
            </settings>
          </state>
        </states>
      </component>
    </defaultProject>
  </component>
</application>