<keymap version="1" name="Eclipse copy" parent="Eclipse">
  <action id="CloseActiveTab" />
  <action id="CloseAllEditors">
    <keyboard-shortcut first-keystroke="alt w" />
  </action>
  <action id="CloseAllEditorsButActive">
    <keyboard-shortcut first-keystroke="alt e" />
  </action>
  <action id="CloseContent">
    <keyboard-shortcut first-keystroke="ctrl f4" />
    <keyboard-shortcut first-keystroke="ctrl w" />
  </action>
  <action id="Find">
    <keyboard-shortcut first-keystroke="ctrl f" />
  </action>
  <action id="GotoFile" />
  <action id="MainMenu">
    <keyboard-shortcut first-keystroke="shift ctrl alt q" />
  </action>
  <action id="Replace">
    <keyboard-shortcut first-keystroke="ctrl r" />
  </action>
  <action id="ReplaceInPath">
    <keyboard-shortcut first-keystroke="shift ctrl r" />
  </action>
  <action id="RunToCursor" />
</keymap>